{"themes":{"Sarkozy-2012-01-26a":{"Justice":{"norm":0.632445152341755,"score":0.029362736,"rank":1}},"Arthaud-2011-11-02":{"Affaires internationales":{"norm":0.0449729335361078,"score":0.00013467556,"rank":28},"Affaires européennes":{"norm":0.0271605855173342,"score":0.00077653874,"rank":48},"Santé, assurance maladie & soins":{"norm":0.00975828889360646,"score":0.00019512855,"rank":25},"Retraite":{"norm":0.0548567852020237,"score":0.0018572006,"rank":31},"Economie & Emploi":{"norm":0.596078099028562,"score":0.033092897,"rank":8}},"Sarkozy-2012-01-16b":{"Affaires internationales":{"norm":0.0759116853137293,"score":0.00022732448,"rank":20},"Affaires européennes":{"norm":0.00455955842623784,"score":0.00013036073,"rank":86}},"Bayrou-2012-01-14b":{"Services publics & Finances publiques":{"norm":0.300226200189511,"score":0.008520869,"rank":29},"Affaires internationales":{"norm":0.0056103767612503,"score":1.6800786e-05,"rank":56},"Environnement & Développement durable":{"norm":0.0065618102712503,"score":0.00012378693,"rank":28},"Solidarité & vivre ensemble":{"norm":0.103796555278397,"score":0.0018558275,"rank":43},"Economie & Emploi":{"norm":0.459248758774676,"score":0.025496444,"rank":15}},"Hollande-2012-02-06b":{"Services publics & Finances publiques":{"norm":0.100233409111577,"score":0.0028447742,"rank":70},"Justice":{"norm":0.361258835422003,"score":0.016772281,"rank":3},"Santé, assurance maladie & soins":{"norm":0.0502564464171541,"score":0.0010049372,"rank":10},"Sécurité & délinquance":{"norm":0.48174377509684,"score":0.0029875834,"rank":10}},"Sarkozy-2011-11-23":{"Affaires internationales":{"norm":0.0605155214163775,"score":0.00018121926,"rank":26},"Justice":{"norm":0.00295432405279271,"score":0.00013716136,"rank":38},"Environnement & Développement durable":{"norm":0.006207953531117,"score":0.00011711151,"rank":29},"Santé, assurance maladie & soins":{"norm":0.010342258285768,"score":0.00020680571,"rank":20},"Retraite":{"norm":0.113484293809208,"score":0.0038420607,"rank":11}},"Bayrou-2011-09-18":{"Services publics & Finances publiques":{"norm":0.154338736959506,"score":0.0043803644,"rank":56},"Affaires internationales":{"norm":0.00980800485835897,"score":2.9370967e-05,"rank":50},"Justice":{"norm":0.00873343206255006,"score":0.00040546988,"rank":21},"Education & Enseignement":{"norm":0.0898322345644263,"score":0.0019739587,"rank":20},"Economie & Emploi":{"norm":0.0398761692663171,"score":0.002213834,"rank":98}},"Lepage-2012-02-17":{"Justice":{"norm":0.00227423962664745,"score":0.00010558686,"rank":50},"Education & Enseignement":{"norm":0.277073642356921,"score":0.0060883705,"rank":10},"Environnement & Développement durable":{"norm":0.0346430122885786,"score":0.00065353187,"rank":17},"Economie & Emploi":{"norm":0.0633959463753195,"score":0.0035195984,"rank":81},"Solidarité & vivre ensemble":{"norm":0.060088489195234,"score":0.0010743504,"rank":66}},"Bayrou-2012-02-25b":{"Affaires internationales":{"norm":0.00306480276407659,"score":9.177832e-06,"rank":73},"Justice":{"norm":0.00361949850911071,"score":0.00016804363,"rank":34}},"Sarkozy-2012-01-20":{"Affaires internationales":{"norm":1,"score":0.0029945914,"rank":0},"Affaires européennes":{"norm":0.162965865621514,"score":0.0046592997,"rank":14},"Environnement & Développement durable":{"norm":0.241975338876687,"score":0.004564805,"rank":4},"Economie & Emploi":{"norm":0.0335774325746807,"score":0.0018641425,"rank":106}},"LePenM-2012-02-13":{"Affaires européennes":{"norm":0.121125526780645,"score":0.0034630573,"rank":21},"Environnement & Développement durable":{"norm":0.0870819989002771,"score":0.0016427804,"rank":9},"Retraite":{"norm":0.0495414798921532,"score":0.0016772486,"rank":38},"Economie & Emploi":{"norm":0.0405540825523815,"score":0.0022514702,"rank":96},"Solidarité & vivre ensemble":{"norm":0.0421702129777777,"score":0.0007539811,"rank":83}},"Sarkozy-2011-11-04":{"Affaires internationales":{"norm":0.0018331013039041,"score":5.4893894e-06,"rank":84}},"Hollande-2011-11-09":{"Services publics & Finances publiques":{"norm":0.646223594195895,"score":0.018340793,"rank":3},"Affaires internationales":{"norm":0.845760727156299,"score":0.0025327078,"rank":1},"Affaires européennes":{"norm":0.152071509536965,"score":0.004347823,"rank":15},"Economie & Emploi":{"norm":0.101917802099942,"score":0.005658244,"rank":63}},"Hollande-2012-03-11":{"Affaires internationales":{"norm":0.164950306743017,"score":0.00049395877,"rank":13},"Education & Enseignement":{"norm":0.0625180311038105,"score":0.0013737609,"rank":25},"Affaires européennes":{"norm":0.00645218254584506,"score":0.00018447208,"rank":78},"Environnement & Développement durable":{"norm":0.0107093530458628,"score":0.0002020293,"rank":22},"Economie & Emploi":{"norm":0.082953004914467,"score":0.0046053617,"rank":72}},"Sarkozy-2011-12-16":{"Affaires internationales":{"norm":0.00509871229844579,"score":1.526856e-05,"rank":58},"Education & Enseignement":{"norm":0.0632259548685971,"score":0.0013893167,"rank":24},"Affaires européennes":{"norm":0.0101796132777403,"score":0.00029104174,"rank":73}},"Hollande-2012-01-24":{"Services publics & Finances publiques":{"norm":0.319288161579356,"score":0.009061876,"rank":25},"Justice":{"norm":0.0199862464612434,"score":0.00092790794,"rank":12},"Sécurité & délinquance":{"norm":0.830288090860386,"score":0.0051491167,"rank":2},"Solidarité & vivre ensemble":{"norm":0.115070926874738,"score":0.0020574073,"rank":40},"Economie & Emploi":{"norm":0.400298247118217,"score":0.022223646,"rank":19}},"Sarkozy-2012-02-16":{"Affaires internationales":{"norm":0.0285083484177507,"score":8.5370855e-05,"rank":38},"Justice":{"norm":0.0335191513514757,"score":0.0015562045,"rank":9},"Retraite":{"norm":0.109731942636102,"score":0.0037150232,"rank":12},"Economie & Emploi":{"norm":0.0278633344452906,"score":0.0015469088,"rank":112},"Solidarité & vivre ensemble":{"norm":0.136655642664148,"score":0.0024433306,"rank":35}},"Sarkozy-2012-01-21b":{},"Dupont-2012-01-22":{"Education & Enseignement":{"norm":0.373753693881837,"score":0.008212802,"rank":8},"Immigration":{"norm":0.357154400872481,"score":0.0023772398,"rank":4},"Environnement & Développement durable":{"norm":0.052359127098033,"score":0.000987742,"rank":15},"Sécurité & délinquance":{"norm":0.430914203224086,"score":0.0026723586,"rank":11},"Solidarité & vivre ensemble":{"norm":0.419383269225359,"score":0.007498351,"rank":8}},"Joly-2012-01-28":{"Justice":{"norm":0.0274122238878123,"score":0.0012726762,"rank":10},"Affaires européennes":{"norm":0.169675636592777,"score":0.0048511364,"rank":13},"Environnement & Développement durable":{"norm":1,"score":0.018864753,"rank":0},"Economie & Emploi":{"norm":0.0287944839953802,"score":0.0015986041,"rank":111}},"Joly-2012-01-13":{"Affaires internationales":{"norm":0.00139165730590157,"score":4.167445e-06,"rank":94},"Affaires européennes":{"norm":0.0147049902471605,"score":0.0004204252,"rank":64},"Environnement & Développement durable":{"norm":0.0196814434835166,"score":0.00037128557,"rank":20},"Solidarité & vivre ensemble":{"norm":0.0819167244936945,"score":0.0014646277,"rank":55},"Economie & Emploi":{"norm":0.210147408791283,"score":0.011666905,"rank":46}},"Dupont-2012-01-10":{"Justice":{"norm":0.00284279985639491,"score":0.00013198359,"rank":40},"Education & Enseignement":{"norm":0.0531760659893915,"score":0.0011684821,"rank":30},"Affaires européennes":{"norm":0.012222107033041,"score":0.00034943796,"rank":69},"Solidarité & vivre ensemble":{"norm":0.0253107779307341,"score":0.00045254332,"rank":100},"Economie & Emploi":{"norm":0.0504415545162878,"score":0.0028004001,"rank":89}},"Sarkozy-2012-01-15":{"Affaires internationales":{"norm":0.00140000869567715,"score":4.192454e-06,"rank":93},"Education & Enseignement":{"norm":0.00879660605442791,"score":0.00019329517,"rank":74},"Justice":{"norm":0.0123409985895375,"score":0.00057295954,"rank":16},"Retraite":{"norm":0.00893765078817466,"score":0.0003025881,"rank":68},"Economie & Emploi":{"norm":0.0174100204403207,"score":0.00096656464,"rank":119}},"Hollande-2012-02-09":{"Services publics & Finances publiques":{"norm":0.543946959527893,"score":0.015438029,"rank":6},"Justice":{"norm":0.0116520047547862,"score":0.0005409714,"rank":17},"Education & Enseignement":{"norm":0.397255372127806,"score":0.008729224,"rank":7},"Affaires européennes":{"norm":0.0147029231376638,"score":0.0004203661,"rank":65},"Solidarité & vivre ensemble":{"norm":0.389687424197282,"score":0.006967405,"rank":10}},"Sarkozy-2012-02-01a":{"Services publics & Finances publiques":{"norm":0.20042975182035,"score":0.0056884964,"rank":47},"Retraite":{"norm":0.138296634159828,"score":0.0046820934,"rank":9},"Solidarité & vivre ensemble":{"norm":0.0302431895216587,"score":0.00054073223,"rank":95},"Economie & Emploi":{"norm":0.346625149591878,"score":0.019243838,"rank":27}},"LePenM-2012-02-26":{"Services publics & Finances publiques":{"norm":0.481927750322684,"score":0.013677831,"rank":15},"Education & Enseignement":{"norm":0.0161625788124831,"score":0.00035515384,"rank":58},"Affaires européennes":{"norm":0.12581788282658,"score":0.0035972148,"rank":19},"Santé, assurance maladie & soins":{"norm":0.0106661625705103,"score":0.00021328256,"rank":18},"Sécurité & délinquance":{"norm":0.37307021854432,"score":0.0023136332,"rank":13}},"Hollande-2012-01-19":{"Services publics & Finances publiques":{"norm":0.0803749534423783,"score":0.0022811615,"rank":78},"Affaires internationales":{"norm":0.00370928150665229,"score":1.11077825e-05,"rank":68},"Education & Enseignement":{"norm":0.799672201051842,"score":0.017571865,"rank":1},"Affaires européennes":{"norm":0.0238974331746521,"score":0.0006832431,"rank":50},"Solidarité & vivre ensemble":{"norm":0.0570735565945995,"score":0.001020445,"rank":71}},"LePenM-2012-03-08":{"Justice":{"norm":0.00613760508790039,"score":0.00028495258,"rank":24},"Affaires européennes":{"norm":0.181020461655853,"score":0.0051754923,"rank":11}},"Hollande-2012-01-30c":{"Affaires internationales":{"norm":0.176053200446645,"score":0.0005272074,"rank":11}},"Sarkozy-2011-11-30":{},"Melenchon-2011-12-01":{"Services publics & Finances publiques":{"norm":0.0911672911404215,"score":0.0025874642,"rank":74},"Affaires internationales":{"norm":0.0330156745257466,"score":9.8868455e-05,"rank":35},"Affaires européennes":{"norm":0.0291369226748551,"score":0.0008330435,"rank":46},"Economie & Emploi":{"norm":0.0569598391288403,"score":0.0031622804,"rank":84},"Solidarité & vivre ensemble":{"norm":0.0917168522491521,"score":0.0016398488,"rank":52}},"Hollande-2012-01-30a":{},"Villepin-2012-01-16":{"Justice":{"norm":0.00317130015936305,"score":0.00014723498,"rank":37},"Affaires européennes":{"norm":0.0229841170441467,"score":0.0006571308,"rank":52},"Retraite":{"norm":0.0157996835959007,"score":0.00053490524,"rank":63},"Solidarité & vivre ensemble":{"norm":0.0574381591043717,"score":0.0010269639,"rank":70},"Economie & Emploi":{"norm":0.142059616281072,"score":0.007886826,"rank":56}},"Villepin-2012-02-22":{"Services publics & Finances publiques":{"norm":0.262961974838748,"score":0.0074632545,"rank":30},"Education & Enseignement":{"norm":0.0111973863460793,"score":0.00024604952,"rank":68},"Justice":{"norm":0.00443127413503307,"score":0.0002057322,"rank":27},"Retraite":{"norm":0.0650013114583653,"score":0.002200648,"rank":24},"Economie & Emploi":{"norm":0.194680221017722,"score":0.010808202,"rank":47}},"Hollande-2012-01-26":{"Services publics & Finances publiques":{"norm":1,"score":0.028381497,"rank":0},"Sécurité & délinquance":{"norm":0.752253889216537,"score":0.0046651796,"rank":4},"Retraite":{"norm":0.0989572517740133,"score":0.0033502413,"rank":19},"Economie & Emploi":{"norm":0.289790304789174,"score":0.016088497,"rank":35},"Solidarité & vivre ensemble":{"norm":0.252295456616138,"score":0.0045109093,"rank":19}},"Bayrou-2012-03-10":{"Affaires internationales":{"norm":0.00192698008816829,"score":5.770518e-06,"rank":80},"Justice":{"norm":0.00236860270042702,"score":0.000109967885,"rank":48},"Education & Enseignement":{"norm":0.111015596503751,"score":0.0024394384,"rank":18},"Santé, assurance maladie & soins":{"norm":0.0284650527088042,"score":0.00056919246,"rank":13},"Solidarité & vivre ensemble":{"norm":0.126512053964013,"score":0.0022619686,"rank":38}},"Hollande-2012-01-11":{"Education & Enseignement":{"norm":0.0341211126778735,"score":0.0007497717,"rank":42},"Justice":{"norm":0.0138734478859906,"score":0.00064410706,"rank":15},"Santé, assurance maladie & soins":{"norm":0.00796147315100355,"score":0.00015919909,"rank":33},"Sécurité & délinquance":{"norm":0.298355400882272,"score":0.0018502816,"rank":15},"Retraite":{"norm":0.0600651091818627,"score":0.0020335307,"rank":26}},"Sarkozy-2012-01-13":{"Services publics & Finances publiques":{"norm":0.221600456804657,"score":0.0062893527,"rank":40},"Justice":{"norm":1,"score":0.046427324,"rank":0}},"Sarkozy-2012-01-06a":{"Affaires européennes":{"norm":0.124690807987283,"score":0.003564991,"rank":20}},"Sarkozy-2011-11-22b":{"Affaires internationales":{"norm":0.3416420350369,"score":0.0010230783,"rank":4},"Affaires européennes":{"norm":0.181211688521365,"score":0.0051809596,"rank":10},"Retraite":{"norm":0.00969083314232513,"score":0.00032808742,"rank":66},"Solidarité & vivre ensemble":{"norm":0.0302165371671231,"score":0.0005402557,"rank":96},"Economie & Emploi":{"norm":0.18066165181135,"score":0.010029923,"rank":49}},"Sarkozy-2012-01-22":{"Services publics & Finances publiques":{"norm":0.0948950825250691,"score":0.0026932645,"rank":71},"Affaires internationales":{"norm":0.115626759630713,"score":0.0003462549,"rank":16},"Education & Enseignement":{"norm":0.160596518541256,"score":0.0035289214,"rank":14},"Immigration":{"norm":0.158513668221226,"score":0.0010550759,"rank":6},"Solidarité & vivre ensemble":{"norm":0.0404766281955434,"score":0.0007237007,"rank":84}},"Bayrou-2012-03-02":{"Services publics & Finances publiques":{"norm":0.0634947303871956,"score":0.0018020755,"rank":90},"Affaires internationales":{"norm":0.035365454198526,"score":0.000105905085,"rank":32},"Justice":{"norm":0.00333498717263997,"score":0.00015483453,"rank":36},"Education & Enseignement":{"norm":0.267343124220237,"score":0.0058745537,"rank":11},"Affaires européennes":{"norm":0.00616480430943713,"score":0.00017625575,"rank":80}},"Arthaud-2011-11-08":{"Affaires internationales":{"norm":0.0334807530002257,"score":0.000100261175,"rank":34},"Santé, assurance maladie & soins":{"norm":0.00858698196681017,"score":0.00017170688,"rank":29},"Retraite":{"norm":0.430013610811143,"score":0.0145583,"rank":1},"Solidarité & vivre ensemble":{"norm":0.121335021601031,"score":0.002169406,"rank":39},"Economie & Emploi":{"norm":0.835685579306931,"score":0.046395358,"rank":2}},"Arthaud-2012-02-18":{"Services publics & Finances publiques":{"norm":0.260871940616804,"score":0.0074039362,"rank":31},"Immigration":{"norm":0.0990365571276794,"score":0.0006591929,"rank":11},"Santé, assurance maladie & soins":{"norm":0.00982687797697411,"score":0.00019650007,"rank":23},"Solidarité & vivre ensemble":{"norm":0.281390562394156,"score":0.0050311144,"rank":17},"Economie & Emploi":{"norm":0.733616276028627,"score":0.040728703,"rank":3}},"Sarkozy-2011-12-12":{"Services publics & Finances publiques":{"norm":0.202610581112053,"score":0.0057503916,"rank":45},"Justice":{"norm":0.0571377665445461,"score":0.0026527536,"rank":7},"Santé, assurance maladie & soins":{"norm":0.011928537368503,"score":0.00023852524,"rank":17},"Environnement & Développement durable":{"norm":0.0381167545633913,"score":0.00071906316,"rank":16},"Economie & Emploi":{"norm":0.0866025297868861,"score":0.004807975,"rank":69}},"Sarkozy-2012-02-08":{"Affaires internationales":{"norm":0.283358858240226,"score":0.000848544,"rank":5},"Affaires européennes":{"norm":0.00901904007212428,"score":0.0002578602,"rank":74}},"Sarkozy-2012-02-03":{"Affaires internationales":{"norm":0.27427671768509,"score":0.0008213467,"rank":6},"Education & Enseignement":{"norm":0.00899981546234419,"score":0.00019776046,"rank":73},"Environnement & Développement durable":{"norm":0.0214342870007362,"score":0.00040435253,"rank":19}},"Hollande-2012-03-05b":{"Services publics & Finances publiques":{"norm":0.723129438873503,"score":0.020523496,"rank":1},"Education & Enseignement":{"norm":0.0598805806997277,"score":0.001315806,"rank":28},"Affaires européennes":{"norm":0.0956087564017437,"score":0.0027335163,"rank":25},"Santé, assurance maladie & soins":{"norm":0.104086884573232,"score":0.0020813406,"rank":3},"Retraite":{"norm":0.096012682156841,"score":0.0032505516,"rank":20}},"Hollande-2012-02-22b":{"Education & Enseignement":{"norm":0.0128399148350754,"score":0.00028214217,"rank":65},"Economie & Emploi":{"norm":0.0294721433084788,"score":0.0016362262,"rank":110}},"Arthaud-2012-03-03":{"Services publics & Finances publiques":{"norm":0.561365033000197,"score":0.01593238,"rank":4},"Immigration":{"norm":0.0652480764022384,"score":0.00043429487,"rank":15},"Santé, assurance maladie & soins":{"norm":0.00839000539352882,"score":0.0001677681,"rank":31},"Solidarité & vivre ensemble":{"norm":0.161769719025803,"score":0.002892357,"rank":31},"Economie & Emploi":{"norm":0.51984874378847,"score":0.028860817,"rank":12}},"Hollande-2012-01-30b":{"Services publics & Finances publiques":{"norm":0.428476094830375,"score":0.012160793,"rank":17},"Affaires internationales":{"norm":0.00553058624291781,"score":1.6561846e-05,"rank":57},"Education & Enseignement":{"norm":0.0348921524167265,"score":0.0007667144,"rank":41},"Sécurité & délinquance":{"norm":0.951277512546152,"score":0.005899445,"rank":1},"Retraite":{"norm":0.0570132569536831,"score":0.0019302089,"rank":28}},"Hollande-2012-01-04":{"Services publics & Finances publiques":{"norm":0.521404596804742,"score":0.014798243,"rank":11},"Affaires internationales":{"norm":0.0326304216328144,"score":9.771478e-05,"rank":36},"Justice":{"norm":0.00729239316054485,"score":0.0003385663,"rank":23},"Economie & Emploi":{"norm":0.298255151688506,"score":0.016558446,"rank":33},"Solidarité & vivre ensemble":{"norm":0.186493174210803,"score":0.0033343993,"rank":29}},"Hollande-2012-02-02":{"Services publics & Finances publiques":{"norm":0.239122798913673,"score":0.006786663,"rank":38},"Education & Enseignement":{"norm":0.0468279660787478,"score":0.00102899,"rank":33},"Environnement & Développement durable":{"norm":0.0283833188804539,"score":0.0005354443,"rank":18},"Santé, assurance maladie & soins":{"norm":1,"score":0.019996185,"rank":0},"Solidarité & vivre ensemble":{"norm":0.145930038981578,"score":0.0026091519,"rank":33}},"Hollande-2012-02-15":{"Education & Enseignement":{"norm":0.0666638436121869,"score":0.0014648603,"rank":23},"Immigration":{"norm":0.0539256255990503,"score":0.000358932,"rank":16},"Sécurité & délinquance":{"norm":1,"score":0.0062016025,"rank":0},"Retraite":{"norm":0.244198332675635,"score":0.008267442,"rank":4},"Economie & Emploi":{"norm":0.375677477389201,"score":0.020856757,"rank":22}},"Hollande-2012-01-14a":{"Services publics & Finances publiques":{"norm":0.250083249660862,"score":0.007097737,"rank":35},"Education & Enseignement":{"norm":0.0122179733305543,"score":0.00026847573,"rank":66},"Retraite":{"norm":0.0604840964997058,"score":0.0020477157,"rank":25},"Solidarité & vivre ensemble":{"norm":0.197781382905568,"score":0.0035362265,"rank":26},"Economie & Emploi":{"norm":0.389765952204089,"score":0.021638917,"rank":21}},"Sarkozy-2011-12-01":{"Environnement & Développement durable":{"norm":0.0631667586636305,"score":0.0011916253,"rank":11},"Affaires européennes":{"norm":1,"score":0.028590648,"rank":0},"Retraite":{"norm":0.148395155992656,"score":0.0050239833,"rank":7},"Solidarité & vivre ensemble":{"norm":0.12729944303162,"score":0.0022760467,"rank":37},"Economie & Emploi":{"norm":0.316994465911064,"score":0.01759881,"rank":31}},"LePenM-2011-11-19":{"Affaires internationales":{"norm":0.254699288857906,"score":0.0007627203,"rank":7},"Education & Enseignement":{"norm":0.0607658608522363,"score":0.001335259,"rank":27},"Justice":{"norm":0.0196661926929064,"score":0.0009130487,"rank":13},"Immigration":{"norm":0.146502746678991,"score":0.00097513053,"rank":7},"Economie & Emploi":{"norm":0.268445948428718,"score":0.014903507,"rank":37}},"Arthaud-2011-11-03":{"Affaires internationales":{"norm":0.0439576597995974,"score":0.00013163523,"rank":30},"Affaires européennes":{"norm":0.0742216126056324,"score":0.002122044,"rank":29},"Santé, assurance maladie & soins":{"norm":0.00858698196681017,"score":0.00017170688,"rank":28},"Retraite":{"norm":0.0522450070062596,"score":0.0017687777,"rank":36},"Economie & Emploi":{"norm":0.724129413095495,"score":0.040202014,"rank":4}},"Sarkozy-2012-01-17":{"Services publics & Finances publiques":{"norm":0.258453280318512,"score":0.007335291,"rank":32},"Education & Enseignement":{"norm":0.01891158279836,"score":0.00041556,"rank":55},"Affaires européennes":{"norm":0.199943680884742,"score":0.0057165194,"rank":8},"Retraite":{"norm":0.0542171952277093,"score":0.001835547,"rank":33},"Economie & Emploi":{"norm":0.0972014160523883,"score":0.005396401,"rank":65}},"Sarkozy-2012-02-07":{"Services publics & Finances publiques":{"norm":0.123079649392701,"score":0.0034931847,"rank":62},"Education & Enseignement":{"norm":0.0129118576707252,"score":0.00028372303,"rank":64},"Affaires européennes":{"norm":0.0279962175044091,"score":0.00080043,"rank":47},"Retraite":{"norm":0.0308019154381098,"score":0.0010428124,"rank":54},"Solidarité & vivre ensemble":{"norm":0.15563667963107,"score":0.0027827015,"rank":32}},"Sarkozy-2012-01-19":{"Services publics & Finances publiques":{"norm":0.35237492934217,"score":0.010000928,"rank":23},"Affaires internationales":{"norm":0.00260493935833784,"score":7.800729e-06,"rank":74},"Affaires européennes":{"norm":0.206531030706265,"score":0.005904856,"rank":7},"Retraite":{"norm":0.045208530741293,"score":0.0015305547,"rank":43},"Economie & Emploi":{"norm":0.319039488653353,"score":0.017712345,"rank":30}},"Sarkozy-2012-01-24":{"Services publics & Finances publiques":{"norm":0.0706394380817897,"score":0.002004853,"rank":83},"Education & Enseignement":{"norm":0.331234880028907,"score":0.0072785006,"rank":9}},"LePenM-2011-12-12":{"Services publics & Finances publiques":{"norm":0.177907951789858,"score":0.005049294,"rank":50},"Education & Enseignement":{"norm":0.0308893873099529,"score":0.0006787583,"rank":44},"Justice":{"norm":0.00888772310030188,"score":0.0004126332,"rank":20},"Affaires européennes":{"norm":0.180791446209963,"score":0.0051689446,"rank":12},"Economie & Emploi":{"norm":0.218797007513997,"score":0.012147111,"rank":44}},"Bayrou-2012-02-04a":{"Education & Enseignement":{"norm":0.0446476047535626,"score":0.0009810791,"rank":35}},"Sarkozy-2012-01-10":{"Services publics & Finances publiques":{"norm":0.176295905039822,"score":0.0050035417,"rank":51},"Affaires européennes":{"norm":0.0203470883206285,"score":0.00058173644,"rank":56},"Santé, assurance maladie & soins":{"norm":0.0171739639336203,"score":0.00034341376,"rank":15},"Retraite":{"norm":0.0536074350237362,"score":0.0018149033,"rank":34},"Solidarité & vivre ensemble":{"norm":0.252250527993809,"score":0.004510106,"rank":20}},"Hollande-2012-03-13":{"Services publics & Finances publiques":{"norm":0.212276022649545,"score":0.0060247113,"rank":42},"Justice":{"norm":0.00478789645511337,"score":0.00022228922,"rank":25},"Solidarité & vivre ensemble":{"norm":0.0750022805484569,"score":0.0013410011,"rank":57},"Economie & Emploi":{"norm":0.238374873824069,"score":0.0132340295,"rank":41}},"Joly-2012-01-16":{"Services publics & Finances publiques":{"norm":0.306987541918596,"score":0.008712766,"rank":28},"Justice":{"norm":0.00387667378804775,"score":0.00017998359,"rank":31},"Environnement & Développement durable":{"norm":0.25516422080904,"score":0.00481361,"rank":3},"Economie & Emploi":{"norm":0.168815740271755,"score":0.009372265,"rank":51},"Solidarité & vivre ensemble":{"norm":0.522024225437095,"score":0.009333517,"rank":4}},"Arthaud-2011-10-22":{"Affaires internationales":{"norm":0.0251383644526596,"score":7.527913e-05,"rank":39},"Affaires européennes":{"norm":0.00593810745387793,"score":0.00016977434,"rank":81},"Santé, assurance maladie & soins":{"norm":0.00868467310139409,"score":0.00017366033,"rank":26},"Retraite":{"norm":0.0498900560737063,"score":0.0016890498,"rank":37},"Economie & Emploi":{"norm":0.593459835886632,"score":0.032947537,"rank":10}},"Hollande-2012-03-05a":{"Services publics & Finances publiques":{"norm":0.24338833148935,"score":0.0069077252,"rank":37},"Education & Enseignement":{"norm":0.522494457612884,"score":0.011481207,"rank":3},"Santé, assurance maladie & soins":{"norm":0.00761868726459572,"score":0.00015234468,"rank":34},"Retraite":{"norm":0.00918174243194004,"score":0.00031085193,"rank":67},"Solidarité & vivre ensemble":{"norm":0.0712201887852275,"score":0.0012733793,"rank":60}},"Hollande-2012-03-08":{"Services publics & Finances publiques":{"norm":0.205809594892052,"score":0.0058411844,"rank":43},"Immigration":{"norm":0.658004124754774,"score":0.0043797125,"rank":2},"Santé, assurance maladie & soins":{"norm":0.092292704833447,"score":0.001845502,"rank":6},"Retraite":{"norm":0.0824643720477418,"score":0.0027918676,"rank":21},"Solidarité & vivre ensemble":{"norm":0.704737796772623,"score":0.012600339,"rank":2}},"Arthaud-2012-01-21":{"Services publics & Finances publiques":{"norm":0.257976969995628,"score":0.0073217726,"rank":33},"Affaires internationales":{"norm":0.00181310625549783,"score":5.4295124e-06,"rank":85},"Retraite":{"norm":0.101192109746617,"score":0.0034259034,"rank":17},"Solidarité & vivre ensemble":{"norm":0.0607918601171142,"score":0.0010869263,"rank":65},"Economie & Emploi":{"norm":0.480142015918521,"score":0.02665639,"rank":14}},"Hollande-2011-10-22":{"Education & Enseignement":{"norm":0.0843573095001396,"score":0.0018536536,"rank":21},"Justice":{"norm":0.0089614805281476,"score":0.00041605756,"rank":19},"Environnement & Développement durable":{"norm":0.0078741714773578,"score":0.0001485443,"rank":26},"Solidarité & vivre ensemble":{"norm":0.22010116518548,"score":0.0039352924,"rank":22},"Economie & Emploi":{"norm":0.390100854285803,"score":0.02165751,"rank":20}},"Arthaud-2011-12-08":{"Affaires internationales":{"norm":0.0818910619993098,"score":0.00024523027,"rank":19},"Affaires européennes":{"norm":0.0535692055667993,"score":0.0015315783,"rank":36},"Retraite":{"norm":0.310417705396828,"score":0.010509328,"rank":3},"Solidarité & vivre ensemble":{"norm":0.102005640994636,"score":0.0018238069,"rank":44},"Economie & Emploi":{"norm":0.848970887132973,"score":0.047132928,"rank":1}},"Sarkozy-2012-01-03":{"Affaires internationales":{"norm":0.0073539201374852,"score":2.2021986e-05,"rank":53},"Affaires européennes":{"norm":0.0117639921977284,"score":0.00033634016,"rank":71}},"Hollande-2011-11-19":{"Justice":{"norm":0.00378976440683939,"score":0.00017594862,"rank":32},"Education & Enseignement":{"norm":0.126961115344682,"score":0.0027898226,"rank":15},"Affaires européennes":{"norm":0.297866666051081,"score":0.008516201,"rank":3},"Economie & Emploi":{"norm":0.0597443122664259,"score":0.003316868,"rank":83},"Solidarité & vivre ensemble":{"norm":0.109118491257376,"score":0.0019509809,"rank":41}},"Sarkozy-2012-02-04":{"Economie & Emploi":{"norm":0.0170547998008564,"score":0.0009468436,"rank":120},"Solidarité & vivre ensemble":{"norm":0.0974710996762712,"score":0.0017427317,"rank":49}},"Arthaud-2012-02-11":{"Services publics & Finances publiques":{"norm":0.522967833585381,"score":0.01484261,"rank":10},"Immigration":{"norm":0.121216743614383,"score":0.00080682547,"rank":9},"Santé, assurance maladie & soins":{"norm":0.00744400594413384,"score":0.00014885172,"rank":35},"Solidarité & vivre ensemble":{"norm":0.310876831870473,"score":0.0055583133,"rank":14},"Economie & Emploi":{"norm":0.674782663985481,"score":0.037462395,"rank":6}},"Bayrou-2012-02-11b":{"Justice":{"norm":0.00437553131427519,"score":0.00020314421,"rank":28},"Santé, assurance maladie & soins":{"norm":0.101608731865603,"score":0.002031787,"rank":4}},"LePenM-2011-12-08":{"Education & Enseignement":{"norm":0.0263478905707629,"score":0.0005789642,"rank":47},"Immigration":{"norm":0.0465009378000604,"score":0.00030951286,"rank":17},"Affaires européennes":{"norm":0.0208985808926052,"score":0.00059750397,"rank":55}},"Hollande-2012-01-27":{"Services publics & Finances publiques":{"norm":0.493314940364139,"score":0.0140010165,"rank":14},"Affaires européennes":{"norm":0.0185522797524561,"score":0.0005304217,"rank":57},"Santé, assurance maladie & soins":{"norm":0.0993488908009203,"score":0.0019865988,"rank":5},"Retraite":{"norm":0.0568761416185996,"score":0.0019255668,"rank":30},"Economie & Emploi":{"norm":0.227252830267525,"score":0.012616559,"rank":42}},"Bayrou-2012-02-01":{"Services publics & Finances publiques":{"norm":0.534259309859519,"score":0.015163079,"rank":8},"Affaires européennes":{"norm":0.0170380048748808,"score":0.0004871276,"rank":59},"Sécurité & délinquance":{"norm":0.241323867500376,"score":0.0014965947,"rank":18},"Retraite":{"norm":0.116910617614186,"score":0.0039580604,"rank":10},"Economie & Emploi":{"norm":0.257105443090963,"score":0.014273908,"rank":40}},"Arthaud-2011-09-07":{"Services publics & Finances publiques":{"norm":0.313128162337596,"score":0.008887046,"rank":26},"Affaires internationales":{"norm":0.110875861060711,"score":0.0003320279,"rank":18},"Education & Enseignement":{"norm":0.00657722969158547,"score":0.00014452696,"rank":76},"Retraite":{"norm":0.107902461170199,"score":0.0036530853,"rank":13},"Economie & Emploi":{"norm":0.42717190115156,"score":0.02371561,"rank":18}},"Joly-2012-02-20":{"Services publics & Finances publiques":{"norm":0.146662594999834,"score":0.004162504,"rank":58},"Affaires internationales":{"norm":0.0666718871896847,"score":0.00019965506,"rank":23},"Affaires européennes":{"norm":0.0913885337611096,"score":0.0026128574,"rank":26},"Retraite":{"norm":0.011381341964541,"score":0.00038532034,"rank":65},"Solidarité & vivre ensemble":{"norm":0.0543135084925052,"score":0.0009710968,"rank":73}},"Melenchon-2011-09-18":{"Affaires internationales":{"norm":0.213606924804499,"score":0.00063966546,"rank":9},"Affaires européennes":{"norm":0.0124060626397835,"score":0.00035469737,"rank":68},"Economie & Emploi":{"norm":0.115453673169575,"score":0.0064097247,"rank":60}},"Arthaud-2012-03-10":{"Services publics & Finances publiques":{"norm":0.350290296526642,"score":0.009941763,"rank":24},"Immigration":{"norm":0.0761227485410542,"score":0.0005066773,"rank":14},"Santé, assurance maladie & soins":{"norm":0.00978834012587901,"score":0.00019572946,"rank":24},"Solidarité & vivre ensemble":{"norm":0.271135298130465,"score":0.0048477557,"rank":18},"Economie & Emploi":{"norm":0.588852946410623,"score":0.032691773,"rank":11}},"Hollande-2012-01-22":{"Services publics & Finances publiques":{"norm":0.497509275145,"score":0.014120058,"rank":12},"Education & Enseignement":{"norm":0.26072986349447,"score":0.005729235,"rank":12},"Santé, assurance maladie & soins":{"norm":0.0709634962869167,"score":0.0014189992,"rank":8},"Retraite":{"norm":0.242071259448998,"score":0.008195429,"rank":5},"Solidarité & vivre ensemble":{"norm":0.349377378111466,"score":0.0062466827,"rank":11}},"Bayrou-2012-01-19":{"Affaires internationales":{"norm":0.00137821887820823,"score":4.1272024e-06,"rank":95},"Education & Enseignement":{"norm":0.095493726971191,"score":0.0020983634,"rank":19},"Solidarité & vivre ensemble":{"norm":0.0349947881567637,"score":0.0006256883,"rank":90},"Economie & Emploi":{"norm":0.0623515446959998,"score":0.0034616156,"rank":82}},"Bayrou-2011-12-30":{},"Hollande-2012-02-23":{"Services publics & Finances publiques":{"norm":0.538733915268811,"score":0.015290075,"rank":7},"Affaires internationales":{"norm":0.224058414112857,"score":0.0006709634,"rank":8},"Retraite":{"norm":0.34759734329254,"score":0.011768061,"rank":2},"Solidarité & vivre ensemble":{"norm":0.293162141094667,"score":0.005241584,"rank":16},"Economie & Emploi":{"norm":0.484829942584097,"score":0.026916653,"rank":13}},"Bayrou-2012-02-04c":{"Services publics & Finances publiques":{"norm":0.106351000442295,"score":0.0030184006,"rank":67},"Affaires internationales":{"norm":0.00417284274575824,"score":1.2495959e-05,"rank":64},"Justice":{"norm":0.00241219545627915,"score":0.00011199178,"rank":46},"Education & Enseignement":{"norm":0.513984017810273,"score":0.0112942,"rank":4}},"Bayrou-2011-12-07":{"Affaires internationales":{"norm":0.0359047427972978,"score":0.000107520034,"rank":31},"Education & Enseignement":{"norm":0.0447739595751038,"score":0.0009838556,"rank":34},"Affaires européennes":{"norm":0.0210321675815113,"score":0.0006013233,"rank":54},"Solidarité & vivre ensemble":{"norm":0.0391863327500014,"score":0.0007006309,"rank":87},"Economie & Emploi":{"norm":0.0684203620033388,"score":0.0037985425,"rank":75}},"LePenM-2012-03-04":{"Education & Enseignement":{"norm":0.0593496811093739,"score":0.0013041401,"rank":29},"Immigration":{"norm":0.0966275630811596,"score":0.0006431585,"rank":12},"Justice":{"norm":0.115549171001111,"score":0.0053646388,"rank":5},"Sécurité & délinquance":{"norm":0.247260171866868,"score":0.0015334093,"rank":16},"Solidarité & vivre ensemble":{"norm":0.322790646322813,"score":0.005771326,"rank":12}},"Sarkozy-2012-01-16a":{"Services publics & Finances publiques":{"norm":0.0689027502671899,"score":0.0019555632,"rank":86},"Affaires internationales":{"norm":0.0617744911709825,"score":0.00018498936,"rank":25},"Education & Enseignement":{"norm":0.0328839458383118,"score":0.0007225864,"rank":43},"Affaires européennes":{"norm":0.0330649343799413,"score":0.0009453479,"rank":44},"Retraite":{"norm":0.139372570552916,"score":0.0047185197,"rank":8}},"Sarkozy-2012-02-01b":{"Education & Enseignement":{"norm":0.00907919031884967,"score":0.00019950463,"rank":72},"Santé, assurance maladie & soins":{"norm":0.0481416100121098,"score":0.00096264854,"rank":11},"Solidarité & vivre ensemble":{"norm":0.0243513731474494,"score":0.00043538967,"rank":103}},"Hollande-2012-01-01":{"Services publics & Finances publiques":{"norm":0.120147362205736,"score":0.003409962,"rank":63},"Affaires européennes":{"norm":0.0538710909945098,"score":0.0015402094,"rank":35},"Retraite":{"norm":0.0174575725496405,"score":0.0005910338,"rank":61},"Economie & Emploi":{"norm":0.0176597562003627,"score":0.0009804294,"rank":118}},"Bayrou-2012-02-11a":{"Retraite":{"norm":0.0185493439163691,"score":0.0006279962,"rank":60}},"Sarkozy-2012-01-25b":{"Affaires internationales":{"norm":0.00157963503802222,"score":4.7303615e-06,"rank":89}},"Sarkozy-2012-02-09":{"Affaires européennes":{"norm":0.00671138863309429,"score":0.00019188295,"rank":77},"Environnement & Développement durable":{"norm":0.0545140983293023,"score":0.001028395,"rank":13},"Retraite":{"norm":0.0317736706420002,"score":0.0010757116,"rank":53},"Economie & Emploi":{"norm":0.0832695128690443,"score":0.0046229335,"rank":71}},"Sarkozy-2012-01-29":{"Affaires internationales":{"norm":0.00371095802919891,"score":1.1112803e-05,"rank":67}},"Sarkozy-2012-01-06b":{"Affaires internationales":{"norm":0.812155741848454,"score":0.0024320746,"rank":2},"Environnement & Développement durable":{"norm":0.110789862978858,"score":0.0020900234,"rank":8},"Affaires européennes":{"norm":0.246996489901173,"score":0.0070617897,"rank":5},"Economie & Emploi":{"norm":0.130057520373675,"score":0.007220497,"rank":57},"Solidarité & vivre ensemble":{"norm":0.0814668230396749,"score":0.0014565837,"rank":56}},"Sarkozy-2011-11-22a":{"Affaires internationales":{"norm":0.00319048301547917,"score":9.554193e-06,"rank":72},"Environnement & Développement durable":{"norm":0.140319091376389,"score":0.002647085,"rank":7},"Affaires européennes":{"norm":0.21539812598861,"score":0.006158372,"rank":6},"Economie & Emploi":{"norm":0.0835542291722355,"score":0.0046387403,"rank":70}},"Sarkozy-2011-11-11b":{"Affaires internationales":{"norm":0.0219749128378583,"score":6.5805885e-05,"rank":42}},"Sarkozy-2012-01-05":{"Education & Enseignement":{"norm":1,"score":0.021973835,"rank":0},"Retraite":{"norm":0.0212425329577758,"score":0.0007191753,"rank":58},"Economie & Emploi":{"norm":0.0357386902776267,"score":0.0019841306,"rank":103}},"Cheminade-2012-02-17":{"Affaires internationales":{"norm":0.00187351055639845,"score":5.6103986e-06,"rank":82},"Education & Enseignement":{"norm":0.753035416894684,"score":0.016547076,"rank":2},"Affaires européennes":{"norm":0.00439015443091741,"score":0.00012551736,"rank":87},"Economie & Emploi":{"norm":0.0545125051965391,"score":0.00302641,"rank":86}},"Sarkozy-2012-01-21a":{"Justice":{"norm":0.0147561151704544,"score":0.00068508694,"rank":14},"Immigration":{"norm":0.552375961723761,"score":0.0036766455,"rank":3},"Environnement & Développement durable":{"norm":0.0110171667765806,"score":0.00020783613,"rank":21},"Sécurité & délinquance":{"norm":0.415011281358326,"score":0.002573735,"rank":12}},"Sarkozy-2012-01-06c":{"Justice":{"norm":0.00376857925302781,"score":0.00017496505,"rank":33}},"Joly-2011-11-11":{"Affaires internationales":{"norm":0.0126793207914776,"score":3.7969385e-05,"rank":48},"Justice":{"norm":0.00454847946868529,"score":0.00021117373,"rank":26},"Affaires européennes":{"norm":0.00455955842623784,"score":0.00013036073,"rank":85}},"Arthaud-2012-02-15":{"Services publics & Finances publiques":{"norm":0.494579514251838,"score":0.014036907,"rank":13},"Immigration":{"norm":0.0915148208707309,"score":0.0006091278,"rank":13},"Santé, assurance maladie & soins":{"norm":0.00836424798030224,"score":0.00016725305,"rank":32},"Solidarité & vivre ensemble":{"norm":0.313860068902486,"score":0.005611652,"rank":13},"Economie & Emploi":{"norm":0.594410577379619,"score":0.03300032,"rank":9}},"Hollande-2012-01-08":{"Justice":{"norm":0.00437553131427519,"score":0.00020314421,"rank":29},"Solidarité & vivre ensemble":{"norm":0.0828575912564751,"score":0.0014814499,"rank":54}},"Bayrou-2012-01-03":{"Services publics & Finances publiques":{"norm":0.248321802757621,"score":0.0070477445,"rank":36},"Affaires internationales":{"norm":0.0236229904353562,"score":7.0741204e-05,"rank":40},"Economie & Emploi":{"norm":0.054166898424503,"score":0.0030072227,"rank":87}},"Sarkozy-2012-01-12":{"Services publics & Finances publiques":{"norm":0.664240614228347,"score":0.018852143,"rank":2},"Justice":{"norm":0.00244487298040266,"score":0.00011350891,"rank":43},"Santé, assurance maladie & soins":{"norm":0.00843474942845348,"score":0.00016866281,"rank":30},"Sécurité & délinquance":{"norm":0.185844771573154,"score":0.0011525354,"rank":19},"Retraite":{"norm":0.0569196708121354,"score":0.0019270405,"rank":29}},"LePenM-2012-01-12":{"Affaires internationales":{"norm":0.0703552277616238,"score":0.00021068516,"rank":21},"Immigration":{"norm":0.203761137056488,"score":0.0013562456,"rank":5},"Affaires européennes":{"norm":0.189548904243094,"score":0.005419326,"rank":9},"Economie & Emploi":{"norm":0.164811469202986,"score":0.009149957,"rank":53},"Solidarité & vivre ensemble":{"norm":0.105884844132133,"score":0.001893165,"rank":42}},"Bayrou-2012-01-30":{"Services publics & Finances publiques":{"norm":0.423136031196663,"score":0.012009234,"rank":18},"Education & Enseignement":{"norm":0.0200374463538112,"score":0.00044029954,"rank":52},"Affaires européennes":{"norm":0.018178835960626,"score":0.0005197447,"rank":58},"Sécurité & délinquance":{"norm":0.153420787610944,"score":0.00095145474,"rank":21},"Retraite":{"norm":0.0823057298915625,"score":0.0027864967,"rank":22}},"Arthaud-2011-10-20":{"Services publics & Finances publiques":{"norm":0.132037432697789,"score":0.00374742,"rank":60},"Affaires internationales":{"norm":0.0235062185779335,"score":7.039152e-05,"rank":41},"Santé, assurance maladie & soins":{"norm":0.00982687797697411,"score":0.00019650007,"rank":22},"Retraite":{"norm":0.0449874052737167,"score":0.0015230684,"rank":44},"Economie & Emploi":{"norm":1,"score":0.05551772,"rank":0}},"Bayrou-2011-12-10":{"Affaires internationales":{"norm":0.00567011345855064,"score":1.6979673e-05,"rank":55},"Education & Enseignement":{"norm":0.0103689801984952,"score":0.00022784626,"rank":70},"Affaires européennes":{"norm":0.149426927994077,"score":0.0042722127,"rank":16},"Solidarité & vivre ensemble":{"norm":0.0598770791372966,"score":0.0010705705,"rank":67},"Economie & Emploi":{"norm":0.174883748828302,"score":0.009709147,"rank":50}},"Hollande-2012-03-01":{"Services publics & Finances publiques":{"norm":0.547771334965171,"score":0.0155465705,"rank":5},"Affaires internationales":{"norm":0.158796702615255,"score":0.00047553124,"rank":14},"Education & Enseignement":{"norm":0.122993992628051,"score":0.0027026497,"rank":16},"Affaires européennes":{"norm":0.0738509424480341,"score":0.0021114463,"rank":30},"Economie & Emploi":{"norm":0.35118787298902,"score":0.01949715,"rank":26}},"Melenchon-2012-01-04":{"Education & Enseignement":{"norm":0.0199360193612085,"score":0.0004380708,"rank":53},"Affaires européennes":{"norm":0.0232538171222982,"score":0.0006648417,"rank":51},"Retraite":{"norm":0.0600651091818627,"score":0.0020335307,"rank":27},"Economie & Emploi":{"norm":0.0218611247003659,"score":0.0012136798,"rank":114}},"LePenM-2012-01-15":{"Education & Enseignement":{"norm":0.018538187803813,"score":0.00040735508,"rank":56},"Immigration":{"norm":0.0396221768737142,"score":0.00026372744,"rank":19},"Affaires européennes":{"norm":0.107969235254829,"score":0.0030869104,"rank":24},"Economie & Emploi":{"norm":0.332831661674867,"score":0.018478055,"rank":28},"Solidarité & vivre ensemble":{"norm":0.244676903472144,"score":0.0043746936,"rank":21}},"Sarkozy-2012-03-11":{"Services publics & Finances publiques":{"norm":0.406828011926221,"score":0.011546388,"rank":19},"Affaires internationales":{"norm":0.0320037985816696,"score":9.58383e-05,"rank":37},"Immigration":{"norm":0.815870202299821,"score":0.005430478,"rank":1},"Retraite":{"norm":0.107792679699333,"score":0.0036493686,"rank":14},"Solidarité & vivre ensemble":{"norm":0.131272060565998,"score":0.002347075,"rank":36}},"Sarkozy-2011-12-15":{"Sécurité & délinquance":{"norm":0.136349025917092,"score":0.00084558246,"rank":22}},"Hollande-2012-03-03":{"Services publics & Finances publiques":{"norm":0.529953863955802,"score":0.015040884,"rank":9},"Education & Enseignement":{"norm":0.0472082365231194,"score":0.001037346,"rank":32},"Justice":{"norm":0.10644928404661,"score":0.0049421554,"rank":6},"Affaires européennes":{"norm":0.0152867972772076,"score":0.00043705944,"rank":62},"Solidarité & vivre ensemble":{"norm":0.212447292204562,"score":0.0037984452,"rank":23}},"Hollande-2012-02-22a":{"Justice":{"norm":0.00244093486844083,"score":0.000113326074,"rank":44},"Sécurité & délinquance":{"norm":0.65673751260259,"score":0.004072825,"rank":6},"Retraite":{"norm":0.105642017944531,"score":0.003576557,"rank":15},"Economie & Emploi":{"norm":0.329803961690069,"score":0.018309964,"rank":29},"Solidarité & vivre ensemble":{"norm":0.309467125733194,"score":0.0055331085,"rank":15}},"Hollande-2012-02-11":{"Services publics & Finances publiques":{"norm":0.0599481204250784,"score":0.0017014174,"rank":92},"Affaires internationales":{"norm":0.00186213417964134,"score":5.576331e-06,"rank":83},"Education & Enseignement":{"norm":0.120710677039306,"score":0.0026524765,"rank":17},"Economie & Emploi":{"norm":0.0659871064589828,"score":0.0036634537,"rank":78},"Solidarité & vivre ensemble":{"norm":0.188650022139917,"score":0.0033729626,"rank":27}},"Melenchon-2012-01-24":{"Affaires internationales":{"norm":0.0347633670490071,"score":0.00010410208,"rank":33},"Immigration":{"norm":0.043794488336885,"score":0.00029149858,"rank":18},"Santé, assurance maladie & soins":{"norm":0.0104231822220088,"score":0.00020842388,"rank":19},"Retraite":{"norm":0.0479927243598075,"score":0.0016248148,"rank":39},"Economie & Emploi":{"norm":0.649492630461049,"score":0.03605835,"rank":7}},"Arthaud-2011-10-27":{"Services publics & Finances publiques":{"norm":0.401841770361866,"score":0.011404871,"rank":22},"Affaires européennes":{"norm":0.0508539330762982,"score":0.0014539469,"rank":37},"Santé, assurance maladie & soins":{"norm":0.00868467310139409,"score":0.00017366033,"rank":27},"Retraite":{"norm":0.0466156399089777,"score":0.001578193,"rank":42},"Economie & Emploi":{"norm":0.680412091851034,"score":0.037774928,"rank":5}},"Hollande-2012-02-06a":{"Services publics & Finances publiques":{"norm":0.100950295187037,"score":0.0028651205,"rank":69},"Justice":{"norm":0.399841610513671,"score":0.018563576,"rank":2},"Santé, assurance maladie & soins":{"norm":0.061397806631615,"score":0.0012277219,"rank":9},"Sécurité & délinquance":{"norm":0.651106871167573,"score":0.004037906,"rank":7}},"Sarkozy-2012-02-19":{"Affaires internationales":{"norm":0.0170481588907255,"score":5.105227e-05,"rank":46},"Education & Enseignement":{"norm":0.0383870885532726,"score":0.00084351155,"rank":38},"Immigration":{"norm":0.105849991082557,"score":0.0007045435,"rank":10},"Affaires européennes":{"norm":0.0679857483468021,"score":0.0019437566,"rank":32},"Retraite":{"norm":0.169956881375637,"score":0.005753965,"rank":6}},"LePenM-2011-11-23":{"Education & Enseignement":{"norm":0.0264323819670076,"score":0.0005808208,"rank":46},"Affaires européennes":{"norm":0.0149459781394252,"score":0.0004273152,"rank":63},"Sécurité & délinquance":{"norm":0.688205443673631,"score":0.0042679766,"rank":5},"Solidarité & vivre ensemble":{"norm":0.0547676047015037,"score":0.0009792158,"rank":72}},"Sarkozy-2012-02-23":{"Services publics & Finances publiques":{"norm":0.31084998793404,"score":0.008822388,"rank":27},"Affaires internationales":{"norm":0.0670818963815898,"score":0.00020088287,"rank":22},"Justice":{"norm":0.00235819212841128,"score":0.00010948455,"rank":49},"Retraite":{"norm":0.102669635958062,"score":0.0034759257,"rank":16},"Economie & Emploi":{"norm":0.265592048808921,"score":0.014745065,"rank":38}},"Sarkozy-2011-11-25a":{"Services publics & Finances publiques":{"norm":0.14663831862005,"score":0.004161815,"rank":59},"Economie & Emploi":{"norm":0.100165298574941,"score":0.005560949,"rank":64}},"LePenM-2012-01-22":{"Services publics & Finances publiques":{"norm":0.404936268865592,"score":0.0114926975,"rank":21},"Justice":{"norm":0.00284279985639491,"score":0.00013198359,"rank":41},"Affaires européennes":{"norm":0.0387414688887079,"score":0.0011076437,"rank":41},"Santé, assurance maladie & soins":{"norm":0.0140740286209594,"score":0.00028142688,"rank":16},"Economie & Emploi":{"norm":0.0900454395461485,"score":0.0049991175,"rank":68}},"Sarkozy-2011-12-31":{"Services publics & Finances publiques":{"norm":0.0638365305395977,"score":0.0018117763,"rank":89},"Affaires européennes":{"norm":0.00789166093752055,"score":0.0002256277,"rank":76},"Retraite":{"norm":0.0119917939332645,"score":0.00040598746,"rank":64},"Solidarité & vivre ensemble":{"norm":0.100102128301223,"score":0.0017897731,"rank":48},"Economie & Emploi":{"norm":0.265327772826406,"score":0.014730393,"rank":39}},"LePenM-2012-02-05":{"Services publics & Finances publiques":{"norm":0.0927669460141584,"score":0.0026328648,"rank":72},"Affaires internationales":{"norm":0.0102981228090083,"score":3.083867e-05,"rank":49},"Education & Enseignement":{"norm":0.024656565410635,"score":0.0005417993,"rank":49},"Justice":{"norm":0.0256143537370364,"score":0.0011892059,"rank":11},"Economie & Emploi":{"norm":0.453367519415423,"score":0.025169931,"rank":16}},"Sarkozy-2012-02-28":{"Education & Enseignement":{"norm":0.41461374402784,"score":0.009110654,"rank":6},"Economie & Emploi":{"norm":0.019014433589852,"score":0.001055638,"rank":116},"Solidarité & vivre ensemble":{"norm":0.0717966711654948,"score":0.0012836865,"rank":59}},"Sarkozy-2012-01-26b":{"Affaires internationales":{"norm":0.149692549040246,"score":0.00044826802,"rank":15}},"Sarkozy-2011-11-11a":{"Affaires internationales":{"norm":0.0153018772444214,"score":4.582287e-05,"rank":47},"Education & Enseignement":{"norm":0.0271367742590221,"score":0.000596299,"rank":45}},"Bayrou-2012-02-11":{"Education & Enseignement":{"norm":0.0176607023762579,"score":0.00038807336,"rank":57},"Justice":{"norm":0.00277915608489518,"score":0.00012902878,"rank":42},"Santé, assurance maladie & soins":{"norm":0.241046329587369,"score":0.004820007,"rank":2},"Retraite":{"norm":0.0528502568568006,"score":0.0017892687,"rank":35},"Solidarité & vivre ensemble":{"norm":0.496114230672708,"score":0.00887026,"rank":5}},"Bayrou-2012-02-25a":{},"Joly-2012-01-11":{"Services publics & Finances publiques":{"norm":0.0672059687337846,"score":0.001907406,"rank":87},"Education & Enseignement":{"norm":0.0431109453584229,"score":0.0009473128,"rank":37},"Justice":{"norm":0.00387667378804775,"score":0.00017998359,"rank":30},"Solidarité & vivre ensemble":{"norm":0.449356191802319,"score":0.008034251,"rank":7}},"Bayrou-2012-02-04b":{"Services publics & Finances publiques":{"norm":0.119420568266713,"score":0.0033893345,"rank":64},"Affaires internationales":{"norm":0.00353075347775326,"score":1.0573164e-05,"rank":69},"Education & Enseignement":{"norm":0.458606474472936,"score":0.010077343,"rank":5},"Solidarité & vivre ensemble":{"norm":0.0290429398050983,"score":0.0005192724,"rank":98}},"Hollande-2012-01-14b":{"Services publics & Finances publiques":{"norm":0.200844803922781,"score":0.0057002762,"rank":46},"Education & Enseignement":{"norm":0.0115847083588277,"score":0.00025456047,"rank":67},"Retraite":{"norm":0.0710386543491976,"score":0.0024050449,"rank":23},"Economie & Emploi":{"norm":0.313228010804478,"score":0.017389705,"rank":32},"Solidarité & vivre ensemble":{"norm":0.178375187945997,"score":0.003189254,"rank":30}},"Joly-2012-01-14":{"Services publics & Finances publiques":{"norm":0.0574561976064899,"score":0.0016306929,"rank":94},"Environnement & Développement durable":{"norm":0.00928508896989004,"score":0.00017516091,"rank":24},"Santé, assurance maladie & soins":{"norm":0.0735929528557572,"score":0.0014715783,"rank":7},"Economie & Emploi":{"norm":0.0321074028256204,"score":0.0017825298,"rank":107}},"Bayrou-2011-11-30":{"Services publics & Finances publiques":{"norm":0.0839603492373922,"score":0.0023829204,"rank":76},"Affaires internationales":{"norm":0.0014570993558587,"score":4.3634172e-06,"rank":92},"Affaires européennes":{"norm":0.291346317159373,"score":0.00832978,"rank":4},"Economie & Emploi":{"norm":0.027406368633294,"score":0.0015215391,"rank":113}},"Sarkozy-2012-03-03":{"Affaires internationales":{"norm":0.0021229938081035,"score":6.357499e-06,"rank":78},"Education & Enseignement":{"norm":0.0525819685093658,"score":0.0011554275,"rank":31},"Justice":{"norm":0.222480645233828,"score":0.010329181,"rank":4},"Immigration":{"norm":1,"score":0.0066560563,"rank":0},"Solidarité & vivre ensemble":{"norm":0.944556469260192,"score":0.01688817,"rank":1}},"Lepage-2012-01-28":{"Services publics & Finances publiques":{"norm":0.0590458248203046,"score":0.0016758089,"rank":93},"Affaires internationales":{"norm":0.0017564685786515,"score":5.2599057e-06,"rank":86},"Justice":{"norm":0.0408927337703116,"score":0.0018985402,"rank":8},"Environnement & Développement durable":{"norm":0.239660492771891,"score":0.004521136,"rank":5},"Solidarité & vivre ensemble":{"norm":0.0247836023783925,"score":0.0004431177,"rank":102}},"Sarkozy-2011-11-25b":{"Education & Enseignement":{"norm":0.0195969401790812,"score":0.00043061993,"rank":54},"Environnement & Développement durable":{"norm":0.430991277754869,"score":0.008130544,"rank":2},"Retraite":{"norm":0.0436773026727758,"score":0.0014787143,"rank":47},"Economie & Emploi":{"norm":0.0932445262521588,"score":0.0051767235,"rank":67}},"Sarkozy-2012-01-25a":{"Affaires internationales":{"norm":0.00739616964104018,"score":2.2148506e-05,"rank":52},"Education & Enseignement":{"norm":0.0376417498356568,"score":0.0008271336,"rank":39},"Solidarité & vivre ensemble":{"norm":1,"score":0.017879471,"rank":0}},"Hollande-2012-02-22":{"Services publics & Finances publiques":{"norm":0.084565715473007,"score":0.0024001016,"rank":75},"Sécurité & délinquance":{"norm":0.816278921456188,"score":0.0050622374,"rank":3},"Retraite":{"norm":0.100372495528045,"score":0.003398155,"rank":18},"Economie & Emploi":{"norm":0.289062591187102,"score":0.016048096,"rank":36},"Solidarité & vivre ensemble":{"norm":0.211139065579737,"score":0.0037750548,"rank":24}},"Hollande-2012-03-14":{"Services publics & Finances publiques":{"norm":0.405607604137301,"score":0.011511751,"rank":20},"Education & Enseignement":{"norm":0.0611444793318963,"score":0.0013435787,"rank":26},"Sécurité & délinquance":{"norm":0.610002221200085,"score":0.0037829913,"rank":8},"Retraite":{"norm":0.0443432842698249,"score":0.0015012614,"rank":45},"Solidarité & vivre ensemble":{"norm":0.419382693145675,"score":0.0074983407,"rank":9}},"Joly-2012-02-03":{"Services publics & Finances publiques":{"norm":0.107788528561407,"score":0.0030591998,"rank":65},"Affaires européennes":{"norm":0.0815464063633675,"score":0.0023314646,"rank":27},"Environnement & Développement durable":{"norm":0.464998985144412,"score":0.008772091,"rank":1},"Economie & Emploi":{"norm":0.0748328461615499,"score":0.004154549,"rank":74},"Solidarité & vivre ensemble":{"norm":0.20865502116925,"score":0.0037306414,"rank":25}},"Cheminade-2011-10-15":{"Affaires internationales":{"norm":0.17323806847238,"score":0.00051877723,"rank":12},"Education & Enseignement":{"norm":0.237598644023676,"score":0.0052209534,"rank":13},"Affaires européennes":{"norm":0.0665655321978012,"score":0.0019031517,"rank":33},"Environnement & Développement durable":{"norm":0.00620181743169391,"score":0.000116995754,"rank":30},"Economie & Emploi":{"norm":0.105397802719564,"score":0.0058514457,"rank":62}},"Hollande-2011-12-05":{"Affaires internationales":{"norm":0.00465617613140811,"score":1.3943345e-05,"rank":60},"Justice":{"norm":0.00341992637783733,"score":0.00015877803,"rank":35},"Environnement & Développement durable":{"norm":0.00928508896989004,"score":0.00017516091,"rank":23},"Affaires européennes":{"norm":0.750259455469495,"score":0.021450404,"rank":1},"Economie & Emploi":{"norm":0.293750391766809,"score":0.016308352,"rank":34}},"Sarkozy-2011-12-05":{"Environnement & Développement durable":{"norm":0.0628405524312987,"score":0.0011854715,"rank":12},"Economie & Emploi":{"norm":0.0562952477155042,"score":0.0031253838,"rank":85}},"LePenM-2012-01-05":{"Education & Enseignement":{"norm":0.00781094060276688,"score":0.00017163632,"rank":75},"Immigration":{"norm":0.0393799613744253,"score":0.00026211524,"rank":20},"Affaires européennes":{"norm":0.0455409265295421,"score":0.0013020446,"rank":39},"Environnement & Développement durable":{"norm":0.00907242517301976,"score":0.00017114906,"rank":25},"Solidarité & vivre ensemble":{"norm":0.0639759084594841,"score":0.0011438554,"rank":63}},"Hollande-2012-01-07":{"Education & Enseignement":{"norm":0.071952843006239,"score":0.0015810799,"rank":22},"Affaires européennes":{"norm":0.0753463755001286,"score":0.0021542017,"rank":28},"Santé, assurance maladie & soins":{"norm":0.039242845572793,"score":0.0007847072,"rank":12},"Retraite":{"norm":0.0346910983877333,"score":0.0011744824,"rank":52},"Economie & Emploi":{"norm":0.221584838138166,"score":0.012301885,"rank":43}},"Sarkozy-2012-01-11":{"Services publics & Finances publiques":{"norm":0.237918299376527,"score":0.0067524775,"rank":39},"Justice":{"norm":0.0112423914417294,"score":0.00052195415,"rank":18},"Environnement & Développement durable":{"norm":0.00613948563227942,"score":0.00011581988,"rank":33},"Retraite":{"norm":0.0352838982450088,"score":0.0011945519,"rank":51},"Economie & Emploi":{"norm":0.0669504169119337,"score":0.0037169345,"rank":77}},"LePenM-2011-12-02":{"Services publics & Finances publiques":{"norm":0.0599904050163386,"score":0.0017026175,"rank":91},"Affaires internationales":{"norm":0.201309868184354,"score":0.0006028408,"rank":10},"Sécurité & délinquance":{"norm":0.300362672389919,"score":0.0018627299,"rank":14},"Economie & Emploi":{"norm":0.183039631310508,"score":0.010161943,"rank":48}},"Hollande-2012-01-28":{"Affaires internationales":{"norm":0.506536885132309,"score":0.001516871,"rank":3},"Affaires européennes":{"norm":0.0704779408987162,"score":0.00201501,"rank":31},"Environnement & Développement durable":{"norm":0.168303512905788,"score":0.0031750042,"rank":6},"Economie & Emploi":{"norm":0.0364269732258457,"score":0.0020223425,"rank":102},"Solidarité & vivre ensemble":{"norm":0.0691418107392551,"score":0.001236219,"rank":61}},"Bayrou-2012-03-06":{"Affaires internationales":{"norm":0.0453415614564311,"score":0.00013577945,"rank":27},"Justice":{"norm":0.00242292116599268,"score":0.000112489746,"rank":45},"Education & Enseignement":{"norm":0.0437168978469166,"score":0.0009606279,"rank":36},"Environnement & Développement durable":{"norm":0.0525331818550712,"score":0.0009910255,"rank":14},"Affaires européennes":{"norm":0.534941530531242,"score":0.015294325,"rank":2}},"Sarkozy-2012-01-01":{"Services publics & Finances publiques":{"norm":0.152840334672974,"score":0.0043378375,"rank":57},"Affaires internationales":{"norm":0.01858781935993,"score":5.5662924e-05,"rank":43},"Santé, assurance maladie & soins":{"norm":0.0099149352739035,"score":0.00019826088,"rank":21},"Sécurité & délinquance":{"norm":0.511394079191628,"score":0.0031714628,"rank":9}},"Sarkozy-2011-11-15":{"Services publics & Finances publiques":{"norm":0.215141625545686,"score":0.0061060414,"rank":41},"Environnement & Développement durable":{"norm":0.00613948563227942,"score":0.00011581988,"rank":32},"Santé, assurance maladie & soins":{"norm":0.0198574278043537,"score":0.0003970728,"rank":14},"Retraite":{"norm":1,"score":0.03385544,"rank":0},"Solidarité & vivre ensemble":{"norm":0.487448342291559,"score":0.0087153185,"rank":6}},"Bayrou-2012-01-14a":{},"Bayrou-2012-02-11c":{"Education & Enseignement":{"norm":0.014707160584395,"score":0.00032317272,"rank":59},"Justice":{"norm":0.00224244789555392,"score":0.000104110855,"rank":51},"Santé, assurance maladie & soins":{"norm":0.252261798938147,"score":0.0050442736,"rank":1},"Retraite":{"norm":0.0547965762666207,"score":0.0018551622,"rank":32},"Solidarité & vivre ensemble":{"norm":0.557977022921987,"score":0.009976334,"rank":3}},"Sarkozy-2011-11-17":{"Services publics & Finances publiques":{"norm":0.0912622403250963,"score":0.002590159,"rank":73},"Affaires européennes":{"norm":0.0335699631571834,"score":0.000959787,"rank":43},"Environnement & Développement durable":{"norm":0.00742807075184075,"score":0.00014012872,"rank":27},"Solidarité & vivre ensemble":{"norm":0.0256092945926644,"score":0.00045788064,"rank":99},"Economie & Emploi":{"norm":0.448304865545631,"score":0.024888864,"rank":17}},"LePenM-2012-01-08":{"Services publics & Finances publiques":{"norm":0.432623867585279,"score":0.012278513,"rank":16},"Immigration":{"norm":0.135278592820797,"score":0.00090042193,"rank":8},"Affaires européennes":{"norm":0.116479329184844,"score":0.0033302195,"rank":22},"Solidarité & vivre ensemble":{"norm":0.0964491566892555,"score":0.0017244599,"rank":50},"Economie & Emploi":{"norm":0.366543024461379,"score":0.020349633,"rank":24}},"Bayrou-2012-01-13":{"Affaires européennes":{"norm":0.00861856296506466,"score":0.0002464103,"rank":75},"Economie & Emploi":{"norm":0.0338393885771966,"score":0.0018786857,"rank":105}},"Joly-2012-03-02":{"Affaires internationales":{"norm":0.0624660913672563,"score":0.00018706042,"rank":24},"Environnement & Développement durable":{"norm":0.076796335472826,"score":0.0014487439,"rank":10},"Economie & Emploi":{"norm":0.125116818558111,"score":0.0069462005,"rank":58},"Solidarité & vivre ensemble":{"norm":0.18836040507015,"score":0.0033677844,"rank":28}}},"stats":{"Education & Enseignement":{"count":102,"keep":67,"min":2.8716204e-05,"max":0.021973835},"Justice":{"count":68,"keep":49,"min":6.19626e-05,"max":0.046427324},"Santé, assurance maladie & soins":{"count":47,"keep":36,"min":7.617234e-05,"max":0.019996185},"Environnement & Développement durable":{"count":45,"keep":33,"min":6.621149e-05,"max":0.018864753},"Affaires européennes":{"count":120,"keep":68,"min":4.2391697e-05,"max":0.028590648},"Retraite":{"count":91,"keep":58,"min":0.00014499552,"max":0.03385544},"Economie & Emploi":{"count":161,"keep":92,"min":2.1983797e-05,"max":0.05551772},"Solidarité & vivre ensemble":{"count":139,"keep":74,"min":6.56476e-05,"max":0.017879471},"Services publics & Finances publiques":{"count":126,"keep":76,"min":0.000113817565,"max":0.028381497},"Affaires internationales":{"count":127,"keep":73,"min":6.699078e-07,"max":0.0029945914},"Immigration":{"count":27,"keep":21,"min":0.00011606732,"max":0.0066560563},"Sécurité & délinquance":{"count":30,"keep":21,"min":0.00013127804,"max":0.0062016025}}}